Workbook

Sheet Tracker
A1: HABULAN RUSH — 12-Day Production Tracker
A2: Source: GDD v2.0 §21 (Oct 7–18 build window). Edit blue cells only: Start Date, Owner, Status, Notes. Dates recalculate from Start Date.
A3: Start Date (Day 1) | C3: 46302 | E3: Overall % Done | F3: =IFERROR(COUNTIF(I6:I37,"Done")/COUNTA(A6:A37),0) -> 0 | H3: Blocked | I3: =COUNTIF(I6:I37,"Blocked") -> 0
A4: Legend: yellow/blue = input · P0 = must ship (MVP) · P1 = should ship · P2 = stretch. Owner roles are placeholders — replace with team names.
A5: ID | B5: Day | C5: Date | D5: Phase | E5: Task | F5: Area | G5: Owner | H5: Priority | I5: Status | J5: Notes
A6: T01 | B6: 1 | C6: =$C$3+B6-1 -> 46302 | D6: Design Lock | E6: Approve GDD v2.0 and resolve open items from GDD System Review | F6: Design | G6: Lead | H6: P0 | I6: Not Started
A7: T02 | B7: 1 | C7: =$C$3+B7-1 -> 46302 | D7: Design Lock | E7: Create repository, folder structure, branching rules, AI_LOG.md | F7: Tech | G7: Programmer | H7: P0 | I7: Not Started
A8: T03 | B8: 1 | C8: =$C$3+B8-1 -> 46302 | D8: Design Lock | E8: Create Config module skeleton (all balance numbers from GDD) | F8: Tech | G8: Programmer | H8: P0 | I8: Not Started
A9: T04 | B9: 2 | C9: =$C$3+B9-1 -> 46303 | D9: Design Lock | E9: Finalize Config values with Balance Workbook baseline | F9: Design | G9: Designer | H9: P0 | I9: Not Started
A10: T05 | B10: 2 | C10: =$C$3+B10-1 -> 46303 | D10: Design Lock | E10: Assign module ownership (Match, Tag, Skill, UI, Movement) | F10: Management | G10: Lead | H10: P0 | I10: Not Started
A11: T06 | B11: 2 | C11: =$C$3+B11-1 -> 46303 | D11: Design Lock | E11: Set up asset source list / disclosure log | F11: Management | G11: Lead | H11: P0 | I11: Not Started
A12: T07 | B12: 3 | C12: =$C$3+B12-1 -> 46304 | D12: Core Loop | E12: MatchService: state machine MS_01–MS_06 + shuffle bag | F12: Code | G12: Programmer | H12: P0 | I12: Not Started
A13: T08 | B13: 3 | C13: =$C$3+B13-1 -> 46304 | D13: Core Loop | E13: Barangay Kalsada greybox (150x150, 8 spawns, vaults, low gaps) | F13: Level | G13: Artist | H13: P0 | I13: Not Started
A14: T09 | B14: 4 | C14: =$C$3+B14-1 -> 46305 | D14: Core Loop | E14: MovementController: walk, sprint, stamina, dash, slide | F14: Code | G14: Programmer | H14: P0 | I14: Not Started
A15: T10 | B15: 4 | C15: =$C$3+B15-1 -> 46305 | D15: Core Loop | E15: Taya timer + round timer replication | F15: Code | G15: Programmer | H15: P0 | I15: Not Started
A16: T11 | B16: 5 | C16: =$C$3+B16-1 -> 46306 | D16: Core Loop | E16: TagService: server-validated touch tag + tag transfer | F16: Code | G16: Programmer | H16: P0 | I16: Not Started
A17: T12 | B17: 5 | C17: =$C$3+B17-1 -> 46306 | D17: Core Loop | E17: Safe Window, speed boost and Lock Delay on tag | F17: Code | G17: Programmer | H17: P0 | I17: Not Started
... A37: T32 | B37: 12 | C37: =$C$3+B37-1 -> 46313 | D37: Second Map | E37: Day-12 checkpoint: go/no-go on second map and stretch cuts | F37: Management | G37: Lead | H37: P0 | I37: Not Started

Sheet Daily Summary
A1: Daily Summary — Day 1 to Day 12
A2: Counts are formulas from the Tracker. Fill the blue columns at end of each day.
A4: Day | B4: Date | C4: Phase | D4: Tasks | E4: Done | F4: In Progress | G4: Blocked | H4: % Done | I4: Hours Planned | J4: Hours Actual | K4: Blockers / End-of-day note
A5: 1 | B5: =Tracker!$C$3+A5-1 -> 46302 | C5: Design Lock | D5: =COUNTIF(Tracker!$B$6:$B$37,A5) -> 3 | E5: =COUNTIFS(Tracker!$B$6:$B$37,A5,Tracker!$I$6:$I$37,"Done") -> 0 | F5: =COUNTIFS(Tracker!$B$6:$B$37,A5,Tracker!$I$6:$I$37,"In Progress") -> 0 | G5: =COUNTIFS(Tracker!$B$6:$B$37,A5,Tracker!$I$6:$I$37,"Blocked") -> 0 | H5: =IFERROR(E5/D5,0) -> 0
A6: 2 | B6: =Tracker!$C$3+A6-1 -> 46303 | C6: Design Lock | D6: =COUNTIF(Tracker!$B$6:$B$37,A6) -> 3 | E6: =COUNTIFS(Tracker!$B$6:$B$37,A6,Tracker!$I$6:$I$37,"Done") -> 0 | F6: =COUNTIFS(Tracker!$B$6:$B$37,A6,Tracker!$I$6:$I$37,"In Progress") -> 0 | G6: =COUNTIFS(Tracker!$B$6:$B$37,A6,Tracker!$I$6:$I$37,"Blocked") -> 0 | H6: =IFERROR(E6/D6,0) -> 0
A7: 3 | B7: =Tracker!$C$3+A7-1 -> 46304 | C7: Core Loop | D7: =COUNTIF(Tracker!$B$6:$B$37,A7) -> 2 | E7: =COUNTIFS(Tracker!$B$6:$B$37,A7,Tracker!$I$6:$I$37,"Done") -> 0 | F7: =COUNTIFS(Tracker!$B$6:$B$37,A7,Tracker!$I$6:$I$37,"In Progress") -> 0 | G7: =COUNTIFS(Tracker!$B$6:$B$37,A7,Tracker!$I$6:$I$37,"Blocked") -> 0 | H7: =IFERROR(E7/D7,0) -> 0
A8: 4 | B8: =Tracker!$C$3+A8-1 -> 46305 | C8: Core Loop | D8: =COUNTIF(Tracker!$B$6:$B$37,A8) -> 2 | E8: =COUNTIFS(Tracker!$B$6:$B$37,A8,Tracker!$I$6:$I$37,"Done") -> 0 | F8: =COUNTIFS(Tracker!$B$6:$B$37,A8,Tracker!$I$6:$I$37,"In Progress") -> 0 | G8: =COUNTIFS(Tracker!$B$6:$B$37,A8,Tracker!$I$6:$I$37,"Blocked") -> 0 | H8: =IFERROR(E8/D8,0) -> 0
A9: 5 | B9: =Tracker!$C$3+A9-1 -> 46306 | C9: Core Loop | D9: =COUNTIF(Tracker!$B$6:$B$37,A9) -> 2 | E9: =COUNTIFS(Tracker!$B$6:$B$37,A9,Tracker!$I$6:$I$37,"Done") -> 0 | F9: =COUNTIFS(Tracker!$B$6:$B$37,A9,Tracker!$I$6:$I$37,"In Progress") -> 0 | G9: =COUNTIFS(Tracker!$B$6:$B$37,A9,Tracker!$I$6:$I$37,"Blocked") -> 0 | H9: =IFERROR(E9/D9,0) -> 0
A10: 6 | B10: =Tracker!$C$3+A10-1 -> 46307 | C10: Core Loop | D10: =COUNTIF(Tracker!$B$6:$B$37,A10) -> 3 | E10: =COUNTIFS(Tracker!$B$6:$B$37,A10,Tracker!$I$6:$I$37,"Done") -> 0 | F10: =COUNTIFS(Tracker!$B$6:$B$37,A10,Tracker!$I$6:$I$37,"In Progress") -> 0 | G10: =COUNTIFS(Tracker!$B$6:$B$37,A10,Tracker!$I$6:$I$37,"Blocked") -> 0 | H10: =IFERROR(E10/D10,0) -> 0
A11: 7 | B11: =Tracker!$C$3+A11-1 -> 46308 | C11: Skills + Diskarte | D11: =COUNTIF(Tracker!$B$6:$B$37,A11) -> 2 | E11: =COUNTIFS(Tracker!$B$6:$B$37,A11,Tracker!$I$6:$I$37,"Done") -> 0 | F11: =COUNTIFS(Tracker!$B$6:$B$37,A11,Tracker!$I$6:$I$37,"In Progress") -> 0 | G11: =COUNTIFS(Tracker!$B$6:$B$37,A11,Tracker!$I$6:$I$37,"Blocked") -> 0 | H11: =IFERROR(E11/D11,0) -> 0
A12: 8 | B12: =Tracker!$C$3+A12-1 -> 46309 | C12: Skills + Diskarte | D12: =COUNTIF(Tracker!$B$6:$B$37,A12) -> 3 | E12: =COUNTIFS(Tracker!$B$6:$B$37,A12,Tracker!$I$6:$I$37,"Done") -> 0 | F12: =COUNTIFS(Tracker!$B$6:$B$37,A12,Tracker!$I$6:$I$37,"In Progress") -> 0 | G12: =COUNTIFS(Tracker!$B$6:$B$37,A12,Tracker!$I$6:$I$37,"Blocked") -> 0 | H12: =IFERROR(E12/D12,0) -> 0
A13: 9 | B13: =Tracker!$C$3+A13-1 -> 46310 | C13: Skills + Diskarte | D13: =COUNTIF(Tracker!$B$6:$B$37,A13) -> 3 | E13: =COUNTIFS(Tracker!$B$6:$B$37,A13,Tracker!$I$6:$I$37,"Done") -> 0 | F13: =COUNTIFS(Tracker!$B$6:$B$37,A13,Tracker!$I$6:$I$37,"In Progress") -> 0 | G13: =COUNTIFS(Tracker!$B$6:$B$37,A13,Tracker!$I$6:$I$37,"Blocked") -> 0 | H13: =IFERROR(E13/D13,0) -> 0
A14: 10 | B14: =Tracker!$C$3+A14-1 -> 46311 | C14: Rush Systems | D14: =COUNTIF(Tracker!$B$6:$B$37,A14) -> 2 | E14: =COUNTIFS(Tracker!$B$6:$B$37,A14,Tracker!$I$6:$I$37,"Done") -> 0 | F14: =COUNTIFS(Tracker!$B$6:$B$37,A14,Tracker!$I$6:$I$37,"In Progress") -> 0 | G14: =COUNTIFS(Tracker!$B$6:$B$37,A14,Tracker!$I$6:$I$37,"Blocked") -> 0 | H14: =IFERROR(E14/D14,0) -> 0
A15: 11 | B15: =Tracker!$C$3+A15-1 -> 46312 | C15: Rush Systems | D15: =COUNTIF(Tracker!$B$6:$B$37,A15) -> 3 | E15: =COUNTIFS(Tracker!$B$6:$B$37,A15,Tracker!$I$6:$I$37,"Done") -> 0 | F15: =COUNTIFS(Tracker!$B$6:$B$37,A15,Tracker!$I$6:$I$37,"In Progress") -> 0 | G15: =COUNTIFS(Tracker!$B$6:$B$37,A15,Tracker!$I$6:$I$37,"Blocked") -> 0 | H15: =IFERROR(E15/D15,0) -> 0
A16: 12 | B16: =Tracker!$C$3+A16-1 -> 46313 | C16: Second Map / Checkpoint | D16: =COUNTIF(Tracker!$B$6:$B$37,A16) -> 4 | E16: =COUNTIFS(Tracker!$B$6:$B$37,A16,Tracker!$I$6:$I$37,"Done") -> 0 | F16: =COUNTIFS(Tracker!$B$6:$B$37,A16,Tracker!$I$6:$I$37,"In Progress") -> 0 | G16: =COUNTIFS(Tracker!$B$6:$B$37,A16,Tracker!$I$6:$I$37,"Blocked") -> 0 | H16: =IFERROR(E16/D16,0) -> 0
A17: Total | D17: =SUM(D5:D16) -> 32 | E17: =SUM(E5:E16) -> 0 | F17: =SUM(F5:F16) -> 0 | G17: =SUM(G5:G16) -> 0 | H17: =IFERROR(E17/D17,0) -> 0 | I17: =SUM(I5:I16) -> 0 | J17: =SUM(J5:J16) -> 0

Sheet Rules
A1: Tracker Rules & Scope Guard
A3: • This tracker covers the 12-day build window (Oct 7–18). Oct 19–25 (polish, freeze, testing, submission) is in the Production & Launch Plan.
A4: • SCOPE LOCK (GDD §20): never cut the tutorial or core tag loop to build a stretch feature. Cut P1/P2 first.
A5: • Day-12 checkpoint decides whether Binaha na Baryo continues and which P1 items are cut.
A6: • A task is Done only when it works in a live multiplayer server test, not just in Studio solo.
A7: • Log any AI-assisted work in AI_LOG.md the same day it is used.
