Workbook

Sheet README
A1: HABULAN RUSH — Balance Workbook
A2: Based on GDD v2.0. Blue = editable input · black = formula · green = linked from Config.
A4: • Config: every tunable number from the GDD. Change values here; other sheets recalculate.
A5: • Movement: chase maths (stamina cycle, pounce commitment, speed effects).
A6: • Skills: cooldown, uptime and uses per round for all 6 competition skills.
A7: • Diskarte: actions needed to fill the meter and a per-round earning scenario.
A8: • Scoring: points table and a 3-round, 6-player standings simulator.
A9: • Match Time: checks the 8–10 minute target (draft-per-round is a spec default, see GDD System Review).
A10: • Playtest Log: record sessions; flags pounce success outside the 40–60% target.
A11: • Values marked "SPEC DEFAULT" are not in the GDD and need team confirmation.

Sheet Config
A1: Config — Source of Truth
A2: Mirror these values in ReplicatedStorage/Config. Do not hardcode balance values elsewhere.
A4: Key | B4: Parameter | C4: Value | D4: Unit | E4: GDD Ref | F4: Note
A5: walk | B5: Runner walk speed | C5: 16 | D5: studs/s | E5: RM_01
A6: sprint | B6: Runner sprint speed | C6: 21 | D6: studs/s | E6: RM_02
A7: stam | B7: Stamina max | C7: 100 | D7: pts | E7: RM_03
A8: drain | B8: Stamina drain (sprint) | C8: 20 | D8: pts/s | E8: RM_03
A9: regen | B9: Stamina regen | C9: 12 | D9: pts/s | E9: RM_03
A10: rdelay | B10: Stamina regen delay | C10: 1 | D10: s | E10: RM_03
A11: dashd | B11: Dash distance | C11: 12 | D11: studs | E11: RM_04
A12: dasht | B12: Dash time | C12: 0.2 | D12: s | E12: RM_04
A13: dashcd | B13: Dash cooldown | C13: 6 | D13: s | E13: RM_04
A14: slidet | B14: Slide duration | C14: 0.6 | D14: s | E14: RM_06
A15: slidecd | B15: Slide cooldown | C15: 3 | D15: s | E15: RM_06
A16: taya | B16: Taya speed | C16: 18 | D16: studs/s | E16: TM_01
... A26: safe | B26: Safe Window after tagging | C26: 2 | D26: s | E26: §5.1
A27: boost | B27: Post-tag speed boost | C27: 0.2 | D27: fraction | E27: §5.1 | F27: +20% for 2 s
A28: ldelay | B28: Lock Delay for new Taya | C28: 1 | D28: s | E28: §5.1
A29: lockcd | B29: Lock cooldown after break | C29: 4 | D29: s | E29: §5.3
A30: round | B30: Round length | C30: 150 | D30: s | E30: §3
A31: draft | B31: Skill Draft duration | C31: 12 | D31: s | E31: MS_02
A32: cd_ | B32: Countdown duration | C32: 5 | D32: s | E32: MS_03
A33: rend | B33: Round End duration | C33: 8 | D33: s | E33: MS_05
A34: mend | B34: Match End duration | C34: 15 | D34: s | E34: MS_06
A35: rounds | B35: Rounds per match | C35: 3 | D35: rounds | E35: §3
A36: dmax | B36: Diskarte max | C36: 100 | D36: pts | E36: §7.2
A37: close | B37: "Close chase" distance | C37: 10 | D37: studs | E37: §7.3 | F37: SPEC DEFAULT — undefined in GDD
A38: idash | B38: Dash invulnerability | C38: 0.15 | D38: s | E38: RM_04 | F38: SPEC DEFAULT — "brief" in GDD
A39: tmin | B39: Target pounce/tag success min | C39: 0.4 | D39: fraction | E39: §17.1
A40: tmax | B40: Target pounce/tag success max | C40: 0.6 | D40: fraction | E40: §17.1
A41: mmin | B41: Match duration target min | C41: 480 | D41: s | E41: §17.1 | F41: 8 min
A42: mmax | B42: Match duration target max | C42: 600 | D42: s | E42: §17.1 | F42: 10 min
A43: draftpr | B43: Skill Draft every round? (1=yes, 0=once) | C43: 1 | D43: flag | E43: §3.1 | F43: SPEC DEFAULT — ambiguous in GDD

Sheet Movement
A1: Movement & Chase Maths
A2: All values are formulas driven by Config.
A4: Metric | B4: Value | C4: Formula meaning / reading
A5: Sprint duration (s) | B5: =Config!$C$7/Config!$C$8 -> 5 | C5: Stamina max ÷ drain
A6: Sprint speed edge over Taya (studs/s) | B6: =Config!$C$6-Config!$C$16 -> 3 | C6: Positive = Runner faster while sprinting
A7: Gap gained in one full sprint (studs) | B7: =B6*B5 -> 15 | C7: Max separation gained from a full tank
A8: Walking deficit vs Taya (studs/s) | B8: =Config!$C$16-Config!$C$5 -> 2 | C8: Taya closes this much per second on a walking Runner
A9: Recovery to full (s) | B9: =Config!$C$10+Config!$C$7/Config!$C$9 -> 9.3333333 | C9: Regen delay + refill from empty
A10: Full sprint/recover cycle (s) | B10: =B5+B9 -> 14.333333 | C10: Sprint to empty then refill
A11: Avg Runner speed over cycle (studs/s) | B11: =(Config!$C$6*B5+Config!$C$5*B9)/B10 -> 17.744186 | C11: Time-weighted speed if stamina is fully cycled
A12: Taya net closing speed over cycle (studs/s) | B12: =Config!$C$16-B11 -> 0.25581395 | C12: >0 means Taya slowly wins pure straight chases; skills/routing must decide
A13: Time for Taya to close 30 stud gap, walking (s) | B13: =30/B8 -> 15 | C13: Illustrative gap of 30 studs
A14: Time for Taya to close 30 stud gap, cycling (s) | B14: =IF(B12>0,30/B12,"never") -> 117.27273 | C14: Illustrative; shows how weak the straight-line Taya edge is
A15: Dash speed (studs/s) | B15: =Config!$C$11/Config!$C$12 -> 60 | C15: Burst escape
A16: Pounce lunge time (s) | B16: =Config!$C$20/Config!$C$21 -> 0.31111111 | C16: Distance ÷ speed
A17: Pounce commitment (wind-up + lunge) (s) | B17: =Config!$C$19+B16 -> 0.66111111 | C17: Time Runner has to react after the tell
A18: Pounce total lockout on miss (s) | B18: =B17+Config!$C$23 -> 1.6611111 | C18: Wind-up + lunge + self-stun
A19: Pounce reach incl. hit radius (studs) | B19: =Config!$C$20+Config!$C$22 -> 18 | C19: Effective danger distance
A20: Dash covers pounce reach? | B20: =IF(Config!$C$11>=B19,"Yes","No — dash alone cannot outrun full reach; timing/dodge needed") -> No — dash alone cannot outrun full reach; timing/dodge needed | C20: Design check: dash should not be an automatic escape
A21: Dash cooldown vs pounce cooldown (ratio) | B21: =Config!$C$13/Config!$C$24 -> 2 | C21: Runner dash available once per 2 Taya pounces
A22: Hatak Taya speed (studs/s) | B22: =Config!$C$16*(1+0.35) -> 24.3 | C22: TS_03 +35%
A23: Hatak speed edge over Runner sprint (studs/s) | B23: =B22-Config!$C$6 -> 3.3 | C23: Must stay brief (1.5 s)
A24: Hatak distance covered (studs) | B24: =B22*1.5 -> 36.45 | C24: 1.5 s duration
A25: Runner sprint speed inside Lambat (studs/s) | B25: =Config!$C$6*(1-0.4) -> 12.6 | C25: TS_02 −40%
A26: Runner walk speed inside Lambat (studs/s) | B26: =Config!$C$5*(1-0.4) -> 9.6 | C26: TS_02 −40%
A27: Post-tag boosted Runner speed (studs/s) | B27: =Config!$C$5*(1+Config!$C$27) -> 19.2 | C27: Boost applies to walk speed (assumed)
A28: Boosted walk vs Taya (studs/s) | B28: =B27-Config!$C$16 -> 1.2 | C28: Positive = ex-Taya can separate

Sheet Skills
A1: Skill Balance Table
A2: Blue = GDD values (edit to test). Uptime = effect duration ÷ cooldown.
A4: ID | B4: Name | C4: Role | D4: Type | E4: Cooldown (s) | F4: Effect duration (s) | G4: Range / radius (studs) | H4: Uptime % | I4: Uses in a round | J4: Counter / weakness
A5: RS_01 | B5: Luksong Baka | C5: Runner | D5: Escape | E5: 12 | F5: 0 | G5: 18 | H5: =IFERROR(F5/E5,0) -> 0 | I5: =ROUNDDOWN(Config!$C$30/E5,0)+1 -> 13 | J5: No air steering; readable
A6: RS_02 | B6: Pekeng Takbo | C6: Runner | D6: Decoy | E6: 18 | F6: 4 | G6: 0 | H6: =IFERROR(F6/E6,0) -> 0.22222222 | I6: =ROUNDDOWN(Config!$C$30/E6,0)+1 -> 9 | J6: Taya can ignore it
A7: RS_03 | B7: Tsinelas Throw | C7: Runner | D7: Stun (1 s) | E7: 25 | F7: 1 | G7: 25 | H7: =IFERROR(F7/E7,0) -> 0.04 | I7: =ROUNDDOWN(Config!$C$30/E7,0)+1 -> 7 | J7: Slow projectile, can miss
A8: TS_01 | B8: Sigaw | C8: Taya | D8: Detection | E8: 20 | F8: 2 | G8: 40 | H8: =IFERROR(F8/E8,0) -> 0.1 | I8: =ROUNDDOWN(Config!$C$30/E8,0)+1 -> 8 | J8: Runners hear it coming
A9: TS_02 | B9: Lambat | C9: Taya | D9: Area | E9: 22 | F9: 5 | G9: 8 | H9: =IFERROR(F9/E9,0) -> 0.22727273 | I9: =ROUNDDOWN(Config!$C$30/E9,0)+1 -> 7 | J9: Can be jumped
A10: TS_03 | B10: Hatak | C10: Taya | D10: Speed | E10: 15 | F10: 1.5 | G10: 0 | H10: =IFERROR(F10/E10,0) -> 0.1 | I10: =ROUNDDOWN(Config!$C$30/E10,0)+1 -> 11 | J10: Manual aim; lock disabled
A12: Avg Runner uptime | H12: =AVERAGE(H5:H7) -> 0.087407407
A13: Avg Taya uptime | H13: =AVERAGE(H8:H10) -> 0.14242424
A14: Rule check | B14: No skill should guarantee a tag or escape. Flag any single skill with uptime > 30%: | H14: =IF(MAX(H5:H10)>0.3,"REVIEW","OK") -> OK

Sheet Diskarte
A1: Diskarte Economy
A2: Meter max and gains from GDD §7. Gains are "suggested" in GDD — tune here.
A4: Role | B4: Action | C4: Gain | D4: Actions to fill (alone) | E4: Round count (scenario) | F4: Diskarte earned
A5: Runner | B5: Break Taya target lock | C5: 15 | D5: =ROUNDUP(Config!$C$36/C5,0) -> 7 | E5: 2 | F5: =C5*E5 -> 30
A6: Runner | B6: Pounce dodge | C6: 25 | D6: =ROUNDUP(Config!$C$36/C6,0) -> 4 | E6: 2 | F6: =C6*E6 -> 50
A7: Runner | B7: Successful counter skill | C7: 20 | D7: =ROUNDUP(Config!$C$36/C7,0) -> 5 | E7: 1 | F7: =C7*E7 -> 20
A8: Runner | B8: Escape with Taya within close chase distance | C8: 15 | D8: =ROUNDUP(Config!$C$36/C8,0) -> 7 | E8: 1 | F8: =C8*E8 -> 15
A9: Taya | B9: Successful pounce | C9: 25 | D9: =ROUNDUP(Config!$C$36/C9,0) -> 4 | E9: 2 | F9: =C9*E9 -> 50
A10: Taya | B10: Successful tag | C10: 15 | D10: =ROUNDUP(Config!$C$36/C10,0) -> 7 | E10: 2 | F10: =C10*E10 -> 30
A11: Taya | B11: Catch Runner after escape skill | C11: 20 | D11: =ROUNDUP(Config!$C$36/C11,0) -> 5 | E11: 0 | F11: =C11*E11 -> 0
A12: Taya | B12: Successful counter skill | C12: 20 | D12: =ROUNDUP(Config!$C$36/C12,0) -> 5 | E12: 1 | F12: =C12*E12 -> 20
A14: Runner total | F14: =SUM(F5:F8) -> 115
A15: Taya total | F15: =SUM(F9:F12) -> 100
A16: Diskarte Moves possible (Runner / Taya) | E16: =ROUNDDOWN(F14/Config!$C$36,0) -> 1 | F16: =ROUNDDOWN(F15/Config!$C$36,0) -> 1
A18: Target moves per round | C18: 1 | D18: to | E18: 2
A19: Runner check | C19: =IF(E16<C18,"Too slow",IF(E16>E18,"Too fast","OK")) -> OK
A20: Taya check | C20: =IF(F16<C18,"Too slow",IF(F16>E18,"Too fast","OK")) -> OK
A22: Scenario counts (column E) are illustrative placeholders for a typical round, not measured data. Replace with Playtest Log averages.

Sheet Scoring
A1: Scoring Simulator
A2: Enter Taya time (s) per player per round. Lowest Taya time ranks first. Ties share rank/points (SPEC DEFAULT).
A4: Rank | B4: 1 | C4: 2 | D4: 3 | E4: 4 | F4: 5 | G4: 6 | H4: 7 | I4: 8
A5: Round points | B5: 8 | C5: 6 | D5: 5 | E5: 4 | F5: 3 | G5: 2 | H5: 1 | I5: 0
A7: Player | B7: R1 Taya time | C7: R2 Taya time | D7: R3 Taya time | E7: R1 rank | F7: R2 rank | G7: R3 rank | H7: R1 pts | I7: R2 pts | J7: R3 pts | K7: Total pts | L7: Total Taya time | M7: Final rank
A8: Player 1 | B8: 22 | C8: 31 | D8: 28 | E8: =RANK(B8,B$8:B$13,1) -> 3 | F8: =RANK(C8,C$8:C$13,1) -> 5 | G8: =RANK(D8,D$8:D$13,1) -> 4 | H8: =INDEX($B$5:$I$5,1,E8) -> 5 | I8: =INDEX($B$5:$I$5,1,F8) -> 3 | J8: =INDEX($B$5:$I$5,1,G8) -> 4 | K8: =SUM(H8:J8) -> 12 | L8: =SUM(B8:D8) -> 81 | M8: =COUNTIF($K$8:$K$13,">"&K8)+COUNTIFS($K$8:$K$13,K8,$L$8:$L$13,"<"&L8)+1 -> 4
A9: Player 2 | B9: 30 | C9: 25 | D9: 35 | E9: =RANK(B9,B$8:B$13,1) -> 5 | F9: =RANK(C9,C$8:C$13,1) -> 3 | G9: =RANK(D9,D$8:D$13,1) -> 6 | H9: =INDEX($B$5:$I$5,1,E9) -> 3 | I9: =INDEX($B$5:$I$5,1,F9) -> 5 | J9: =INDEX($B$5:$I$5,1,G9) -> 2 | K9: =SUM(H9:J9) -> 10 | L9: =SUM(B9:D9) -> 90 | M9: =COUNTIF($K$8:$K$13,">"&K9)+COUNTIFS($K$8:$K$13,K9,$L$8:$L$13,"<"&L9)+1 -> 5
A10: Player 3 | B10: 18 | C10: 40 | D10: 21 | E10: =RANK(B10,B$8:B$13,1) -> 2 | F10: =RANK(C10,C$8:C$13,1) -> 6 | G10: =RANK(D10,D$8:D$13,1) -> 2 | H10: =INDEX($B$5:$I$5,1,E10) -> 6 | I10: =INDEX($B$5:$I$5,1,F10) -> 2 | J10: =INDEX($B$5:$I$5,1,G10) -> 6 | K10: =SUM(H10:J10) -> 14 | L10: =SUM(B10:D10) -> 79 | M10: =COUNTIF($K$8:$K$13,">"&K10)+COUNTIFS($K$8:$K$13,K10,$L$8:$L$13,"<"&L10)+1 -> 3
A11: Player 4 | B11: 41 | C11: 27 | D11: 30 | E11: =RANK(B11,B$8:B$13,1) -> 6 | F11: =RANK(C11,C$8:C$13,1) -> 4 | G11: =RANK(D11,D$8:D$13,1) -> 5 | H11: =INDEX($B$5:$I$5,1,E11) -> 2 | I11: =INDEX($B$5:$I$5,1,F11) -> 4 | J11: =INDEX($B$5:$I$5,1,G11) -> 3 | K11: =SUM(H11:J11) -> 9 | L11: =SUM(B11:D11) -> 98 | M11: =COUNTIF($K$8:$K$13,">"&K11)+COUNTIFS($K$8:$K$13,K11,$L$8:$L$13,"<"&L11)+1 -> 6
A12: Player 5 | B12: 25 | C12: 19 | D12: 26 | E12: =RANK(B12,B$8:B$13,1) -> 4 | F12: =RANK(C12,C$8:C$13,1) -> 2 | G12: =RANK(D12,D$8:D$13,1) -> 3 | H12: =INDEX($B$5:$I$5,1,E12) -> 4 | I12: =INDEX($B$5:$I$5,1,F12) -> 6 | J12: =INDEX($B$5:$I$5,1,G12) -> 5 | K12: =SUM(H12:J12) -> 15 | L12: =SUM(B12:D12) -> 70 | M12: =COUNTIF($K$8:$K$13,">"&K12)+COUNTIFS($K$8:$K$13,K12,$L$8:$L$13,"<"&L12)+1 -> 2
A13: Player 6 | B13: 14 | C13: 8 | D13: 10 | E13: =RANK(B13,B$8:B$13,1) -> 1 | F13: =RANK(C13,C$8:C$13,1) -> 1 | G13: =RANK(D13,D$8:D$13,1) -> 1 | H13: =INDEX($B$5:$I$5,1,E13) -> 8 | I13: =INDEX($B$5:$I$5,1,F13) -> 8 | J13: =INDEX($B$5:$I$5,1,G13) -> 8 | K13: =SUM(H13:J13) -> 24 | L13: =SUM(B13:D13) -> 32 | M13: =COUNTIF($K$8:$K$13,">"&K13)+COUNTIFS($K$8:$K$13,K13,$L$8:$L$13,"<"&L13)+1 -> 1
A15: Example data above (rows 8–13) is illustrative. Final rank: most points, tie-break lowest total Taya time (GDD §3.4). Sheet supports up to 6 players; extend rows for 8.

Sheet Match Time
A1: Match Duration Check
A2: Target 8–10 minutes for 3 rounds (GDD §17.1). Excludes lobby wait.
A4: Component | B4: Seconds | C4: Note
A5: Skill Draft (all draft rounds) | B5: =Config!$C$31*IF(Config!$C$43=1,Config!$C$35,1) -> 36 | C5: Depends on draft-every-round flag
A6: Countdown (all rounds) | B6: =Config!$C$32*Config!$C$35 -> 15
A7: Round Live (all rounds) | B7: =Config!$C$30*Config!$C$35 -> 450
A8: Round End (all rounds) | B8: =Config!$C$33*Config!$C$35 -> 24
A9: Match End | B9: =Config!$C$34 -> 15
A10: Total (s) | B10: =SUM(B5:B9) -> 540
A11: Total (min) | B11: =B10/60 -> 9
A12: Within target? | B12: =IF(AND(B10>=Config!$C$41,B10<=Config!$C$42),"Yes","No") -> Yes

Sheet Playtest Log
A1: Playtest Log
A2: Add one row per round tested. Yellow cells are inputs; the first row is an EXAMPLE — overwrite it.
A4: Session | B4: Date | C4: Map | D4: Players | E4: Round # | F4: Pounce attempts | G4: Pounce hits | H4: Touch tags | I4: Pounces dodged | J4: Avg Taya time (s) | K4: Avg match min | L4: Pounce success % | M4: Balance flag | N4: Clarity "understood tag?" (Y%) | O4: Notes
A5: S001 | B5: 46307 | C5: Barangay Kalsada | D5: 6 | E5: 1 | F5: 18 | G5: 7 | H5: 5 | I5: 6 | J5: 25 | K5: 9 | L5: =IFERROR(G5/F5,"") -> 0.38888889 | M5: =IF(L5="","",IF(L5<Config!$C$39,"Taya weak",IF(L5>Config!$C$40,"Taya strong","OK"))) -> Taya weak | N5: 0.83 | O5: EXAMPLE ROW — replace
L6: =IFERROR(G6/F6,"") | M6: =IF(L6="","",IF(L6<Config!$C$39,"Taya weak",IF(L6>Config!$C$40,"Taya strong","OK")))
L7: =IFERROR(G7/F7,"") | M7: =IF(L7="","",IF(L7<Config!$C$39,"Taya weak",IF(L7>Config!$C$40,"Taya strong","OK")))
L8: =IFERROR(G8/F8,"") | M8: =IF(L8="","",IF(L8<Config!$C$39,"Taya weak",IF(L8>Config!$C$40,"Taya strong","OK")))
L9: =IFERROR(G9/F9,"") | M9: =IF(L9="","",IF(L9<Config!$C$39,"Taya weak",IF(L9>Config!$C$40,"Taya strong","OK")))
L10: =IFERROR(G10/F10,"") | M10: =IF(L10="","",IF(L10<Config!$C$39,"Taya weak",IF(L10>Config!$C$40,"Taya strong","OK")))
L11: =IFERROR(G11/F11,"") | M11: =IF(L11="","",IF(L11<Config!$C$39,"Taya weak",IF(L11>Config!$C$40,"Taya strong","OK")))
L12: =IFERROR(G12/F12,"") | M12: =IF(L12="","",IF(L12<Config!$C$39,"Taya weak",IF(L12>Config!$C$40,"Taya strong","OK")))
L13: =IFERROR(G13/F13,"") | M13: =IF(L13="","",IF(L13<Config!$C$39,"Taya weak",IF(L13>Config!$C$40,"Taya strong","OK")))
L14: =IFERROR(G14/F14,"") | M14: =IF(L14="","",IF(L14<Config!$C$39,"Taya weak",IF(L14>Config!$C$40,"Taya strong","OK")))
L15: =IFERROR(G15/F15,"") | M15: =IF(L15="","",IF(L15<Config!$C$39,"Taya weak",IF(L15>Config!$C$40,"Taya strong","OK")))
L16: =IFERROR(G16/F16,"") | M16: =IF(L16="","",IF(L16<Config!$C$39,"Taya weak",IF(L16>Config!$C$40,"Taya strong","OK")))
L17: =IFERROR(G17/F17,"") | M17: =IF(L17="","",IF(L17<Config!$C$39,"Taya weak",IF(L17>Config!$C$40,"Taya strong","OK")))
... L44: =IFERROR(G44/F44,"") | M44: =IF(L44="","",IF(L44<Config!$C$39,"Taya weak",IF(L44>Config!$C$40,"Taya strong","OK")))
A46: Averages | F46: =IFERROR(AVERAGE(F5:F44),"") -> 18 | G46: =IFERROR(AVERAGE(G5:G44),"") -> 7 | L46: =IFERROR(SUM(G5:G44)/SUM(F5:F44),"") -> 0.38888889 | N46: =IFERROR(AVERAGE(N5:N44),"") -> 0.83
